"DATASET","SERIES_CODE","OBS_MEASURE","COUNTRY","INDICATOR","TYPE_OF_TRANSFORMATION","FREQUENCY","SCALE","1950","1951","1952","1953","1954","1955","1956","1957","1958","1959","1960","1961","1962","1963","1964","1965","1966","1967","1968","1969","1970","1971","1972","1973","1974","1975","1976","1977","1978","1979","1980","1981","1982","1983","1984","1985","1986","1987","1988","1989","1990","1991","1992","1993","1994","1995","1996","1997","1998","1999","2000","2001","2002","2003","2004","2005","2006","2007","2008","2009","2010","2011","2012","2013","2014","2015","2016","2017","2018","2019","2020","2021","2022","2023","2024","2025"
"IMF.STA:MFS_FMP(3.0.0)","BRA.EQTS.PA_IX.A","OBS_VALUE","Brazil","Equities","Period average, Index","Annual","Units","","","","","","","","","","","","","","","","","","","","","","","","","","","","","","","","","","","","","","","","","","","","","4.656212738287817","5.788684069057947","8.711149950081875","15.37689174827391","13.77851959936679","16.41706283242621","24.14783568390307","20.87062659013378","17.07658158702476","21.43060637515141","33.17536249476663","40.95726364449376","56.65248810264056","79.13323308419688","82.21502696569645","78.45902873946204","99.99999999999999","91.1397187243751","88.62086751011368","79.84481161172365","78.22776042273095","73.98635117090825","78.93715890313901","","","","","","","","",""
"IMF.STA:MFS_FMP(3.0.0)","JPN.EQTS.PA_IX.A","OBS_VALUE","Japan","Equities","Period average, Index","Annual","Units","","","","","","","","5.562434723623671","5.833890044025634","8.509865542524864","10.9904120286416","12.45674121876382","11.14594604759172","12.20391610756594","10.77945784203841","10.36921687249598","12.40066240736175","12.46699724305836","13.42701756689468","17.05539194002579","18.45802086952267","20.28058224099775","31.88767301153568","40.92586494027986","34.68719126064418","35.19020690814743","39.22449402038975","42.53944805642696","46.87454718231262","50.81163729417854","53.53202420034065","62.26582862091291","61.99089189760916","73.07087947746971","92.12017425832011","112.5233583302723","149.4876692478288","221.0427271615278","240.7156634894948","290.034155383472","244.9600579606508","208.0086376424318","154.0314643532589","172.0561917217889","180.5566480678215","155.8790541875629","181.2856726164153","157.4966832582166","133.0560129470545","156.4367372670048","174.613705435693","134.8996509188081","110.5506261820303","103.6577310663443","126.2964461464636","143.2887964696695","183.6589542618956","187.7914733860877","134.0357925836714","98.04279302590356","100","92.83442636833242","86.83502855691156","126.8115996575053","142.7376057358463","175.2015920360561","153.1468116937495","","","","","","","","",""
"IMF.STA:MFS_FMP(3.0.0)","TUR.EQTS.PA_IX.A","OBS_VALUE","Türkiye, Republic of","Equities","Period average, Index","Annual","Units","","","","","","","","","","","","","","","","","","","","","","","","","","","","","","","","","","","","","0.002200557708224268","0.0100216481616583","0.008928377453113756","0.01513759442600134","0.06814720749927642","0.06279298428563521","0.06688574129710964","0.1746710201266932","0.3641993088566842","0.7048232160239846","1.149728329237072","3.413751803721464","5.468904507709307","9.595384715655004","24.31450875352422","17.00260212444926","18.51477772615111","20.70850950059254","33.47631351920337","49.38523846266513","67.04366284932979","81.20270990972809","63.20741798192035","63.10476266564627","99.99999999999998","102.1441841852785","107.192165453907","131.1411853997902","126.5220746073161","135.6679708825568","129.7960980047109","","","","","","","","",""
"IMF.STA:MFS_FMP(3.0.0)","CAN.EQTS.PA_IX.A","OBS_VALUE","Canada","Equities","Period average, Index","Annual","Units","","","","","","","","","","","","","","","","","","","","","","","","","","","","","","","","","","","19.47302799663657","22.25183518615275","24.8364348373722","29.74175762394093","27.24118457175067","31.28554706556394","28.68177860916055","28.64975006899007","28.20703833356447","31.9257865392479","35.4093251530543","36.63895879290156","43.25020170030117","53.61812316429735","56.22552244228044","58.17189820898183","80.28055063462669","64.39886766136175","58.44175936802609","58.99511452379498","71.21340206370991","83.69074803306427","99.17027264881343","112.8417999773435","103.3779737947936","84.15527230877839","100","107.4230208516714","100.2456515931456","105.613510677073","121.2376193019625","118.7372464281483","116.2937173104341","","","","","","","","",""
"IMF.STA:MFS_FMP(3.0.0)","MEX.EQTS.PA_IX.A","OBS_VALUE","Mexico","Equities","Period average, Index","Annual","Units","","","","","","","","","","","","","","","","","","","","","","","","","","","","","","","","","","","","","","","","","","","","","","","","","12.8684508204044","15.75019334560703","19.99007971894006","18.3362322971781","19.59505068286912","21.27058244930769","31.58897135681546","42.88571894791454","62.37625774768518","89.16599276989932","80.40326222855736","75.99951550020136","100","107.9535563038653","119.372855610925","126.0400168899093","127.895799302141","131.8758364886771","136.8551282273673","","","","","","","","",""
"IMF.STA:MFS_FMP(3.0.0)","FJI.EQTS.PA_IX.A","OBS_VALUE","Fiji, Republic of","Equities","Period average, Index","Annual","Units","","","","","","","","","","","","","","","","","","","","","","","","","","","","","","","","","","","","","","","","","","","","","","","","","","","88.3569388623497","96.02848445015277","97.76261867111794","97.14131788397959","104.4261984416189","118.5120461684827","131.7140577486961","106.7533244981447","106.0468662719464","112.4894721609866","100","88.88569898986373","88.85094510733138","91.14828402192654","91.60768963198069","111.7405318223752","141.1887690322211","172.7859082144573","272.2732504212703","394.7605125143518","400.6772604315009","355.8247492944283","340.4704834388297","352.2660291189262","378.3929642775446",""
"IMF.STA:MFS_FMP(3.0.0)","USA.EQTS.PA_IX.A","OBS_VALUE","United States","Equities","Period average, Index","Annual","Units","2.028601763216601","2.416195239448035","2.539247610365159","2.588109053551813","3.131970053218487","4.152003479384917","4.623643014482196","4.461373317603678","4.610982179875289","5.928248236763858","5.796239497661845","6.485668833987929","5.999891366912937","6.703755617756895","7.822441954567141","8.542624614459998","8.192865150779207","8.244735496017501","8.496795519315","8.222242976265229","7.06374534841327","8.297590572836335","8.916127050693746","8.664559393186516","7.122000818265047","7.526061194815465","9.143232725287631","8.390194418056848","7.692402678626202","7.919164478699902","8.359831860990284","8.749582368302896","8.293854845094295","11.16348771605968","11.052244308779","12.45666692587511","16.81319759147159","21.34515115434377","19.32714697861295","23.5295905978454","25.12415237861523","27.47243240032622","30.80141129229217","33.03122654179852","35.5794695969986","42.14425301661966","53.85905755717009","69.78602017214824","80.89355012537739","98.14380441667735","100.6761823519689","95.55764919562667","86.52912988414162","84.34546415831044","96.76057697455293","98.92020274529094","106.9950095210257","123.5133268961065","105.5314795631074","83.24402625481961","100","112.2253018964289","121.6103721933684","140.672845206057","157.3131520671742","164.971714366882","167.9490346699761","","","","","","","","",""
"IMF.STA:MFS_FMP(3.0.0)","PNG.EQTS.PA_IX.A","OBS_VALUE","Papua New Guinea","Equities","Period average, Index","Annual","Units","","","","","","","","","","","","","","","","","","","","","","","","","","","","","","","","","","","","","","","","","","","","","","","","","","","","15.93052533805213","21.47592540149606","25.65744157297512","30.22536644531984","46.0939889664794","62.74460150354436","72.43379166404171","86.7642382951464","79.2204782063496","100","103.2205368913542","74.34059815060865","62.9715321191115","55.21288219314842","51.72033488425312","","74.29324660212295","79.84770575060531","77.51044756439359","","","","","",""
"IMF.STA:MFS_FMP(3.0.0)","MNG.EQTS.PA_IX.A","OBS_VALUE","Mongolia","Equities","Period average, Index","Annual","Units","","","","","","","","","","","","","","","","","","","","","","","","","","","","","","","","","","","","","","","","","","","","","","","","","","","0.0328672140942723","0.0595964048235545","0.102644521890821","0.0707990850093605","0.0611759224900277","0.0726016194538581","0.117972821596424","62.3086686926445","93.2048755239264","52.9957460528091","100","205.86746550782","183.242966552129","144.717617591789","150.790243815281","128.731241166525","110.76655719984","147.859005806691","192.985073904603","191.458596725247","166.563212560112","333.434606478076","","","",""
"IMF.STA:MFS_FMP(3.0.0)","RUS.EQTS.PA_IX.A","OBS_VALUE","Russian Federation","Equities","Period average, Index","Annual","Units","","","","","","","","","","","","","","","","","","","","","","","","","","","","","","","","","","","","","","","","","","","","","","","","","3.557472954163171","7.017652606711573","14.66230961622348","13.38001387350714","21.25662902382265","29.92285139188309","40.38584457599472","50.40662913640407","96.82744303725539","121.5217477299659","99.67362478227127","71.76652320937787","99.99999999999999","112.1320586540607","102.8118992400087","101.8965812281384","101.129118850634","119.1630778529046","136.475710502639","","","","","","","","",""
"IMF.STA:MFS_FMP(3.0.0)","UZB.EQTS.PA_IX.A","OBS_VALUE","Uzbekistan, Republic of","Equities","Period average, Index","Annual","Units","","","","","","","","","","","","","","","","","","","","","","","","","","","","","","","","","","","","","","","","","","","","","","","","","","","","","","","","","","","","","","","","","","","1006.451666666666","1001.6875","1008.6675","577.8183333333332","627.7666666666665","878.955","707.3416666666668","628.3308333333332","662.9174999999998",""
"IMF.STA:MFS_FMP(3.0.0)","LKA.EQTS.EOP_IX.A","OBS_VALUE","Sri Lanka","Equities","End-of-period (EoP), Index","Annual","Units","","","","","","","","","","","","","","","","","","","","","","","","","","","","","","","","","","","","","","","","","","","","","","","","","","","","","12.2832424384444","16.0054371167609","22.708401460547","28.9669628850475","41.0249145929622","38.291738686864","22.6499313579079","51.0189319561715","100","91.5391651735191","85.0378322661535","89.1033127532637","109.99235970566","103.897454290093","93.8574746039329","95.9822901895305","91.2068801830054","92.3648293290857","","","","","",""
"IMF.STA:MFS_FMP(3.0.0)","AUS.EQTS.EOP_IX.A","OBS_VALUE","Australia","Equities","End-of-period (EoP), Index","Annual","Units","","","","","","","","","3.296652375832654","4.55325351508529","4.104310200886451","4.374996610918102","4.372795908397526","5.316897289727442","5.343305719974431","4.694098476402579","4.790929387308212","6.558093511336002","8.571736317669048","9.161524593185176","7.634237043900887","6.888198889423392","9.075697194882451","6.467864707992124","4.469626819303165","6.498674543280285","6.368833094565915","6.786966573476599","7.984148744673512","10.53696366854927","15.03624715501981","12.54952372924218","10.22928432942763","16.3386158644525","15.30177863946725","21.15358678243277","31.04526679592009","27.79334906853241","31.34114473573295","34.76860827783866","26.97083368456545","34.80148360448453","32.66247997976903","45.80628845991739","40.30810081766838","46.42586192362808","51.09584422152912","55.13993087751833","59.28938717019303","66.43555593020315","67.56722582820534","72.12130152575233","63.37140689538902","69.53974542695776","85.36205007165135","100.3835454775352","119.487060608615","133.6044845317373","78.4434797268819","102.6426704880721","99.99999999999999","85.49692320660878","97.97268819017111","112.7918738936188","114.0310208210402","111.6054117845402","119.4006575065329","127.8161089100565","118.9911910983731","","","","","","",""
"IMF.STA:MFS_FMP(3.0.0)","KEN.EQTS.EOP_IX.A","OBS_VALUE","Kenya","Equities","End-of-period (EoP), Index","Annual","Units","","","","","","","","","","","","","","","","","","","","","","","","","","","","","","","","","","","","","","","","","","","","","","","","72.49244235888645","67.42949961647793","51.91242160357353","43.16541081983487","30.57009430131301","30.74606325858413","61.7603663763931","66.4526463023959","89.63226999954882","127.3665568740694","122.8360330280197","79.43825294409603","73.26264494878854","100","71.84744845011958","93.2414384334251","111.1537246762623","115.3420114605424","91.15981590939857","71.88128863421019","","","","","","","","",""
"IMF.STA:MFS_FMP(3.0.0)","MNG.EQTS.EOP_IX.A","OBS_VALUE","Mongolia","Equities","End-of-period (EoP), Index","Annual","Units","","","","","","","","","","","","","","","","","","","","","","","","","","","","","","","","","","","","","","","","","","","","","","","","","","","0.0215710674634462","0.0373657360385472","0.0428699317688513","0.0411242511448544","0.0268847668858464","0.0467840571122175","0.0932197125432323","69.4868700884361","37.8271807021906","41.9375994677438","100","146.936647558471","120.018550374293","110.447288955617","100.63977788332","87.3831709215769","84.3917367499988","140.495914242799","145.440625590709","132.941142196275","130.664283618827","300.895472231689","","","",""
"IMF.STA:MFS_FMP(3.0.0)","BWA.EQTS.EOP_IX.A","OBS_VALUE","Botswana","Equities","End-of-period (EoP), Index","Annual","Units","","","","","","","","","","","","","","","","","","","","","","","","","","","","","","","","","","","","","","","","","","","","","","","5.491708950964768","11.04781894107851","14.76265176346574","21.8199452981004","22.66511147773096","38.28789915389821","38.93409263146076","38.96356429344419","45.04455054935801","55.49934975221973","96.60857578583301","131.4018219412625","109.7078718965092","112.9262085720434","99.99999999999999","108.701157347488","117.1107167695316","140.7170502140984","148.2845621509011","165.3269795132965","146.5897076847748","138.1601886186367","122.4637997548706","116.8660551946533","107.272951251688","109.3041569077521","120.481245731287","139.2439349190855","156.7005148964437",""
"IMF.STA:MFS_FMP(3.0.0)","VEN.EQTS.EOP_IX.A","OBS_VALUE","Venezuela, República Bolivariana de","Equities","End-of-period (EoP), Index","Annual","Units","","","","","","","","","","","","","","","","","","","","","","","","","","","","","","","0.0207943211381216","0.0192521635806823","0.0220583732547539","0.0285826709954925","0.0411358474881957","0.0571338979084818","0.146073135890349","0.274516622857186","0.270170351897842","0.193471945855812","1.25340305402456","2.04851629189492","1.3887153261249","1.53051346430957","2.06440247606468","3.09070358469211","10.2392269070389","13.2481857676022","7.32913921626997","8.29233725476391","10.4461370222789","10.05585608888","12.2673256037302","33.9834444358566","45.8422147754239","31.2145619173048","79.9443505304377","58.0120466714776","53.7058399037001","84.2940697960055","100","179.125372775686","721.540676073713","4188.37253616029","5905.85352526992","22327.5130457141","47767.6772391986","","","","","","","","",""
"IMF.STA:MFS_FMP(3.0.0)","ZMB.EQTS.EOP_IX.A","OBS_VALUE","Zambia","Equities","End-of-period (EoP), Index","Annual","Units","","","","","","","","","","","","","","","","","","","","","","","","","","","","","","","","","","","","","","","","","","","","","","","","6.18810382817986","4.92626940119615","5.91297610111625","9.23387975495775","9.18333373689436","10.1319039201918","13.074469115475","23.1770139712826","37.5378338458558","55.6190827865081","106.949320806799","75.8456621225696","84.5931499552047","100","122.289583282888","112.430083052858","151.426184653381","186.465168648151","173.571999322017","126.999140415022","161.25027240369","158.853422601031","129.074251192523","118.414792125717","","","","",""
"IMF.STA:MFS_FMP(3.0.0)","CAN.EQTS.EOP_IX.A","OBS_VALUE","Canada","Equities","End-of-period (EoP), Index","Annual","Units","","","","","","","4.202862111904737","3.214259678856702","4.074172705646415","4.129219041271362","4.051856623636301","5.213036757562548","4.678938528120495","5.227170276168953","6.348925331877333","6.554233286370378","5.872848915661575","6.688873647831397","7.906587856183265","7.585980144637966","7.048162568194227","7.368026410339189","9.124302064535134","8.83568073720433","6.214284970416314","7.092794732214454","7.524238984409985","7.88204016597214","9.737250450412922","13.48783996691269","16.87616508544828","14.53669582138803","14.56570672800118","18.98652257420469","17.85509721629193","21.57667582617855","22.80852355313682","23.50627305065304","25.21717267142842","29.53012745458305","24.22633863017938","26.12766881744106","24.92260038889492","32.14557226616837","31.34368105260496","35.06228418489023","44.0891393579812","49.83478660618512","48.2469229842255","62.58731167086457","66.45491184403736","57.19172936245929","49.20353903305904","61.1526851453744","68.78299990627245","83.85089286644122","96.02156328617697","102.8999004702742","66.85675009409948","87.37571801993867","100","88.93025629276319","92.48922505173612","101.3265423016212","108.8462436826891","96.77703704915935","113.7197040589978","","","","","","","","",""
"IMF.STA:MFS_FMP(3.0.0)","PAK.EQTS.EOP_IX.A","OBS_VALUE","Pakistan","Equities","End-of-period (EoP), Index","Annual","Units","","","","","","","","","","","","","","","","","","","","","","","","1.82601969874301","1.64152548047623","2.00814860651919","2.0461978660321","2.72701930906823","2.69078203871308","3.21962656607792","2.67343207290668","2.87297401808026","3.31799312773379","4.28432033717553","4.86284517971645","4.81574250769481","5.77571230134256","6.59986457449156","7.59046555357808","8.01265576082586","8.9156977852265","19.8254158248262","17.0828514893859","24.3257145752531","24.1501489037798","19.7526963159319","14.3382094536916","14.5878630496587","7.86228442431915","11.7189826374968","12.5397797123051","10.5890142283692","22.4697773999664","37.1937190891049","51.723191426713","79.4896385598289","83.5145219863489","117.090512257891","48.7837763652364","78.0012576461057","100","94.3871720097218","140.614566403215","210.116232451595","267.260444201935","272.958362930715","397.647153743909","","","","","","","","",""
"IMF.STA:MFS_FMP(3.0.0)","FJI.EQTS.EOP_IX.A","OBS_VALUE","Fiji, Republic of","Equities","End-of-period (EoP), Index","Annual","Units","","","","","","","","","","","","","","","","","","","","","","","","","","","","","","","","","","","","","","","","","","","","","","","","","","","107.2290366175832","104.3318685139499","110.2422003478222","107.7698793197977","126.1134809074198","146.9545155021233","136.6645259123897","104.6147993855383","129.3887109312384","118.3194686190472","100","94.57692573239457","103.7609326182583","97.63504290627866","97.63504290627866","136.2810770428368","166.4145909864191","226.0671866055817","391.5162411708549","504.7736633712751","416.1549751177339","378.5253875045276","377.375521402981","401.7597048388306","440.3372736655257",""
"IMF.STA:MFS_FMP(3.0.0)","PER.EQTS.EOP_IX.A","OBS_VALUE","Peru","Equities","End-of-period (EoP), Index","Annual","Units","","","","","","","","","","","","","","","","","","","","","","","","","","","","","","","","","","","","","","","","0.0014545703455888","0.110205094418728","0.427814807526118","1.59553532466866","3.98068843958827","6.05323727464855","5.31932097233749","6.11355916250973","7.66947883600147","5.71509245077991","7.85284026250717","5.16975691562636","5.03302730314102","5.95505377632131","10.417461689184","15.8735978369683","20.544736594423","55.1205154312801","74.9736466078564","30.1552539936512","60.6093794118402","100","83.3114149546944","88.2554139963892","66.9222147116956","63.2922060698365","42.1337691340173","66.5979310875908","85.4533553515354","82.783876515534","87.8138235520608","89.0802409452996","90.3191070649337","91.2543102341858","","",""
"IMF.STA:MFS_FMP(3.0.0)","SVK.EQTS.PA_IX.A","OBS_VALUE","Slovak Republic","Equities","Period average, Index","Annual","Units","","","","","","","","","","","","","","","","","","","","","","","","","","","","","","","","","","","","","","","","","","","","","","","","","","","","45.2526460298481","51.6606881891856","72.6787269533383","94.1665559541207","193.273474750159","178.576753317686","186.942931372983","190.920464106993","140.809751561047","100","100.997150997151","87.1422139556854","84.4858509366281","93.5126138494014","114.896004015175","139.647638870437","","","","","","","","",""
"IMF.STA:MFS_FMP(3.0.0)","NLD.EQTS.PA_IX.A","OBS_VALUE","Netherlands, The","Equities","Period average, Index","Annual","Units","","","","","","","","6.49118163867917","6.42777571302663","9.31010341664852","12.181863465995","13.3680826584113","11.5425203823318","12.0682611825342","12.8819705617418","11.9018206276962","9.62184921777353","10.1053194008742","13.1775892035161","14.6033954968854","13.4133397865039","12.576266702083","14.7244181115005","15.6647446171208","12.0532761174964","12.223636605186","12.7895039581649","12.2484355728018","12.301415185532","12.1514941537975","11.3838533821003","12.0274993154928","12.2191277019524","18.1736694677871","23.0613134142546","29.3930905695612","35.8618113912232","32.0846560846561","29.796451914099","39.9726112667289","35.9813258636788","36.5913476501712","39.8680361033302","45.5798319327731","55.7310924369748","59.448490507314","75.3937130407719","112.649859943978","148.083411142235","168.348583877996","198.657952069717","162.641767818238","125.398070339247","90.8857765328354","101.375661375661","114.94304388422","138.2558356676","156.111297852474","117.214067849362","81.4090258325552","100","97.8853408029879","96.0109554933084","109.061935885465","121.214565826331","139.5453470277","132.109554933084","155.817740429505","162.081294740118","","","","","","",""
"IMF.STA:MFS_FMP(3.0.0)","FIN.EQTS.PA_IX.A","OBS_VALUE","Finland","Equities","Period average, Index","Annual","Units","","","","","","","","0.769368177397725","0.687075825655694","0.778511772035729","0.956158753574083","0.94570893113065","0.930034197465501","0.980977081877235","1.00057049895867","0.950933842352366","0.886928679886341","0.79313563070812","1.00474453519293","1.34363699125446","1.55630659199971","1.75810405605355","2.34016113044023","3.63606678987662","3.52469368225429","3.18182361520351","2.85486399211241","2.33750938978514","2.26166960697119","2.76019685063117","2.93786347470225","3.02590126452588","4.04867763622325","6.17351742525783","8.67331334331773","7.45033055196382","11.3635042405952","18.5893383953185","24.6815181119118","26.3659017265561","19.8957416453064","14.5426077283939","13.7147313440054","23.1403975431639","35.7162668665667","39.6007399526043","34.9659766890748","46.4075905595589","65.6675170479277","113.044687333752","216.045001692702","124.209464622527","96.225568264255","82.2715577695024","88.4986651284695","103.746952678012","129.577798061248","161.183924166949","122.518982444262","82.2689461720752","100","94.1577598297625","80.6233979784302","93.8349373700247","109.122454901581","123.219035643469","118.842191807322","","","","","","","","",""
"IMF.STA:MFS_FMP(3.0.0)","SWE.EQTS.EOP_IX.A","OBS_VALUE","Sweden","Equities","End-of-period (EoP), Index","Annual","Units","","","","","","","","0.468988247495316","0.547152955411202","0.78164707915886","0.78164707915886","0.78164707915886","0.719115312826151","0.8910776702411","1.0317741444897","1.10993885240558","0.859811787074746","0.8910776702411","1.18810356032147","1.21936944348782","0.937976494990632","1.14120473557194","1.26626826823735","1.25063532665418","1.235002385071","1.59456004148407","1.61019298306725","1.36006591773642","1.5789270999009","1.56329415831772","1.9228518147308","3.00152478397002","4.06456481162607","6.72216488076619","5.97178368477369","7.50381195992505","11.3338826478035","10.4428049775624","15.8518027653417","19.7287722779696","13.6006591773642","14.3447871967234","14.2666224888075","21.929890452881","22.992930480537","27.1340967059207","37.4423400444999","46.7194877082542","51.6606067184023","85.7138980843328","75.2537038042003","62.7964400065122","40.5844684430455","52.6862755738861","61.9769902859934","82.1918923319043","101.609051934661","95.4686058501112","55.4132522928312","81.2666196342324","100","83.3125305258588","93.3250122103435","114.956314104303","128.585770879687","137.062462690617","145.048027351169","","","","","","","","",""
"IMF.STA:MFS_FMP(3.0.0)","FRA.EQTS.PA_IX.A","OBS_VALUE","France","Equities","Period average, Index","Annual","Units","","","","","","","","","","","","","","","","","","","","","","","","","","","","","","","","","","","","","","","33.3184002237031","47.0694461639607","49.0517742206322","47.1643234403038","49.4550082038715","53.8210527851183","54.9236036697561","49.9324630327714","55.5149690415914","73.5731142479832","98.67692559736","121.283710227588","167.176584777371","133.772156856885","101.137597887912","83.1263465591412","98.3282788448266","113.821847023766","136.351008834282","152.868237676049","115.836905183737","89.1623824028734","100","95.9161458311098","89.3780631107544","105.407898022959","115.670230690306","128.911402990108","117.897100646491","","","","","","","","",""
"IMF.STA:MFS_FMP(3.0.0)","EST.EQTS.PA_IX.A","OBS_VALUE","Estonia, Republic of","Equities","Period average, Index","Annual","Units","","","","","","","","","","","","","","","","","","","","","","","","","","","","","","","","","","","","","","","","","","","","","","","","50.07573151874402","29.53896399562245","18.96202209495681","24.97838991358971","22.89029346440676","30.60027627235624","42.72433954458626","60.4441846167873","104.0866183687957","115.6370139816395","152.7085312271382","91.00525087264089","57.98657871800855","100","110.6024979212613","110.1167671569294","140.8311520291495","135.5460750120574","148.5616272696177","170.3439471850084","","","","","","","","",""
"IMF.STA:MFS_FMP(3.0.0)","BEL.EQTS.PA_IX.A","OBS_VALUE","Belgium","Equities","Period average, Index","Annual","Units","","","","","","","","15.5290106578032","13.7162856782931","15.6136044901804","15.674028656164","16.858342309444","16.6649849782962","16.3628641483779","17.1967176389525","15.9398949864922","13.3054013496042","12.9911956864891","14.1392548401788","15.2993988270653","14.5017998360808","16.1695068172301","18.0184862963304","21.3901547582192","17.3900749701003","16.4716276471485","15.3235684934587","14.0546610078017","14.3809515041135","15.7102831557542","15.3356533266555","12.3869540266524","14.767666166409","18.4777099578063","23.7346123983856","26.2845122028965","37.8738672385644","44.6292889955387","44.0975563348824","50.9738264238241","47.0825101344757","45.8498571484089","45.1856100825166","50.2351187137539","56.8448894778995","55.7586475423736","68.1769592791345","89.7645747514459","121.623584396205","125.84678608045","116.099859907074","109.755600456019","94.3469765233475","77.1819734058234","99.9608678978496","124.883158064996","152.706115304043","172.61202868644","122.353006780289","83.5561363049382","100","94.6887302154613","89.5558375965585","105.258147955869","121.833267243561","141.351805424753","135.235947009916","","","","","","","","",""
"IMF.STA:MFS_FMP(3.0.0)","LVA.EQTS.PA_IX.A","OBS_VALUE","Latvia, Republic of","Equities","Period average, Index","Annual","Units","","","","","","","","","","","","","","","","","","","","","","","","","","","","","","","","","","","","","","","","","","","","","","","","124.778661324889","65.4322331802172","26.116046612123","36.0794238243071","49.5052267701028","56.1073534532658","68.6645158463493","93.351520756031","140.294442535508","170.449204742259","190.770766984985","132.163373175012","71.8443937615449","100","112.784082392253","106.288036196507","119.584072245424","120.786932728828","132.026852199902","181.552372628467","","","","","","","","",""
"IMF.STA:MFS_FMP(3.0.0)","HRV.EQTS.PA_IX.A","OBS_VALUE","Croatia, Republic of","Equities","Period average, Index","Annual","Units","","","","","","","","","","","","","","","","","","","","","","","","","","","","","","","","","","","","","","","","","","","","","","","","","39.7974831161102","34.2551225179184","42.7336293071632","48.0716170046106","58.0879796985763","56.8108999358239","63.3194325860612","95.0900947653695","135.613149343833","230.216722460992","171.296769031445","93.2886613716363","100","104.579177047861","87.0780331644847","93.1431167588108","90.0159354238338","87.0367655595267","88.763691484126","","","","","","","","",""
"IMF.STA:MFS_FMP(3.0.0)","LTU.EQTS.PA_IX.A","OBS_VALUE","Lithuania, Republic of","Equities","Period average, Index","Annual","Units","","","","","","","","","","","","","","","","","","","","","","","","","","","","","","","","","","","","","","","","","","","","","","","","","","","","24.0981704462836","25.5134104195923","40.1986415289771","65.4102801597498","122.315426215304","125.029131435059","156.41240152579","115.019122172757","64.18626191401","100","111.160327467208","100.081667612816","119.429173264812","136.365492445746","145.365362972701","155.847201888315","","","","","","","","",""
"IMF.STA:MFS_FMP(3.0.0)","DNK.EQTS.PA_IX.A","OBS_VALUE","Denmark","Equities","Period average, Index","Annual","Units","","","","","","","","","","","","","","","","","","","","","","","","","","","","","","","","","","","","","","","","","","","","","","","32.22702389875049","45.87511740652542","53.38320541161067","51.64345417113364","69.82770888874127","66.26685198713507","54.61514378148628","53.90548656110357","68.98261909053821","89.63834046469258","106.8216749048888","132.4174833733385","102.4019714808876","75.06902080585938","100","100.8894433744769","108.3731013348765","130.0726734533172","188.6706260732616","269.998007646841","265.7042494046657","280.0000948739598","276.7950153221444","291.0163847328823","360.021773573807","470.6419646499621","488.2830659468893","589.7460224092292","732.9020521237532","508.6159786723335"
"IMF.STA:MFS_FMP(3.0.0)","ISL.EQTS.PA_IX.A","OBS_VALUE","Iceland","Equities","Period average, Index","Annual","Units","","","","","","","","","","","","","","","","","","","","","","","","","","","","","","","","","","","","","","","","","","","","","","","","","","","","","","481.6719276857482","896.3607238214878","1286.706917927001","1797.840753478094","2307.538488914834","1134.414349177876","84.25661779618859","100","104.0166034204869","110.6153705041785","128.4915358508458","133.6652570853377","182.2310568279727","216.9569399215265","213.6184039034038","210.886646650579","248.957255808002","268.8742565004097","403.5193154066639","377.6999569125084","329.0774075384115","344.6000771237523","384.9221649603147"
"IMF.STA:MFS_FMP(3.0.0)","POL.EQTS.PA_IX.A","OBS_VALUE","Poland, Republic of","Equities","Period average, Index","Annual","Units","","","","","","","","","","","","","","","","","","","","","","","","","","","","","","","","","","","","","","","","","","","","10.58893899328585","27.22482775110408","18.38795768997985","29.57445396947537","37.8453597995663","34.81568331758031","36.12814073752827","44.43656819611265","33.64054842727713","33.82437905444329","39.9419783010667","56.3891882628812","69.13516845078663","100.9270336529087","137.7477702172584","95.17998388992102","74.8631726719932","100","104.3947499808361","97.39485547358997","113.1316551392351","122.229735905132","121.8358705585469","109.8569617583499","142.8306976497841","139.1342064812603","137.2150939898963","118.2303372420545","152.7187126793904","133.6687678003351","155.2105723076115","192.88116554271","238.7021075294744"
"IMF.STA:MFS_FMP(3.0.0)","HKG.EQTS.PA_IX.A","OBS_VALUE","Hong Kong Special Administrative Region, People's Republic of China","Equities","Period average, Index","Annual","Units","","","","","","","","","","","","","","","","","","","","","","","","","","","","","","","","","","","","","","","","","","","","","","","53.43569831744906","62.28026826685488","43.91340157665607","59.01164842922693","74.63466290151778","58.54924108718669","48.6904341687257","47.81386045417107","60.09765854806446","66.74902929756438","78.59277562066119","107.8797505588892","97.28909283445108","83.85692434404044","99.99999999999997","99.72937992705016","95.33003882809736","105.2064948817507","108.0750676550182","113.2721496646664","99.67054947640895","121.8908106836097","134.3663960465936","128.5445346511354","117.7679727026708","126.3619249323449","94.99705847746785","88.73043887516175","83.98164489939988","111.8802212024944"
"IMF.STA:MFS_FMP(3.0.0)","THA.EQTS.PA_IX.A","OBS_VALUE","Thailand","Equities","Period average, Index","Annual","Units","","","","","","","","","","","","","","","","","","","","","","","","","","","","","","","","","","","","","","","","","","","","","","","","70.12690933004487","41.78893983121763","49.72268532737649","40.44098179970066","35.84418294660898","43.28684006084627","56.98512072629824","78.36834702376138","81.65510850583329","84.98181924880159","90.55626872082199","81.20894500009998","68.69884606759963","100","121.267190591357","142.2509374085579","172.6199691556282","172.2937824564376","172.6470283840679","169.0344603737834","190.4563877020124","203.1157505745476","193.6592534867428","158.5632530942238","186.4877156082448","192.4947457952455","180.8181432517886","163.4084281579774","145.4335689738098"
"IMF.STA:MFS_FMP(3.0.0)","HUN.EQTS.PA_IX.A","OBS_VALUE","Hungary","Equities","Period average, Index","Annual","Units","","","","","","","","","","","","","","","","","","","","","","","","","","","","","","","","","","","","","","","","","","","","","","","","","","","38.86935293802927","30.69245408950695","34.54588467517416","37.30611862412355","52.19988830883274","84.49226800342747","100.1544348616909","116.0060844424768","87.90175990912934","71.38682361307835","99.99999999999999","91.29647478645775","80.25959199378062","83.0053176811813","79.80827846373223","93.54167015198959","120.533276908096","158.597625388535","167.4516934545804","184.1164648255839","165.1693187148785","213.6907439157386","193.5463651546104","226.3583391868677","314.3637388188924","431.8813507693759"
"IMF.STA:MFS_FMP(3.0.0)","MUS.EQTS.PA_IX.A","OBS_VALUE","Mauritius","Equities","Period average, Index","Annual","Units","","","","","","","","","","","","","","","","","","","","","","","","","","","","","","","","","","","","","","","","","8.831255142531051","8.989287166269447","9.451345453836052","15.01179032564761","22.85445452382374","21.99582349173873","19.38752468190179","22.00010894271762","26.23692727566733","24.12150347953733","23.76898902317267","21.69160462337214","21.38685609252502","27.47807092096921","37.11239068626349","43.73033077603438","53.44063303171839","85.05146768377914","97.99703372941239","79.1407824023685","100","114.8505197931034","101.580872250998","111.2458974888683","121.0503982060122","112.1825071937858","103.9139919837811","120.0377937142495","129.9679093042254","124.5633013721357","99.54290475105669","106.2907477639611","122.7134342658008","116.7786431804761","127.1771301148914","140.4177510257689"
"IMF.STA:MFS_FMP(3.0.0)","MDV.EQTS.PA_IX.A","OBS_VALUE","Maldives","Equities","Period average, Index","Annual","Units","","","","","","","","","","","","","","","","","","","","","","","","","","","","","","","","","","","","","","","","","","","","","","","","","","","","","","71.32785499258903","81.12574438890639","123.1863362996871","88.96455114985019","120.5836724378301","160.4836253110506","125.6569744293001","100","77.14598198805835","71.85316027237725","68.03160789824917","64.77177419770862","70.53945949346728","73.95005825235921","79.40556082616482","84.77947875935","89.19877737128062","96.08664033886539","96.1246621319374","127.0550221317103","184.554511327299","200.0325042732565","195.7941427440051"
"IMF.STA:MFS_FMP(3.0.0)","NZL.EQTS.PA_IX.A","OBS_VALUE","New Zealand","Equities","Period average, Index","Annual","Units","","","","","","","","","","","","","","","","","","","","","","","","","","","","","","","","","","","","","","36.04231326892768","22.31490677383926","24.48400491940874","21.54352728042259","18.93290620576416","21.65897183045775","28.40460678819327","35.98721473368363","37.94848645179211","42.63261496085113","","58.18551988824761","51.74777089428078","52.93964563874336","55.7604115542671","61.33057283491231","67.25019686553664","84.59331759388184","100.9669165035743","113.5773899415538","130.899532402944","103.9326970195264","91.1465578106983","100","106.1709456785367","113.5183138280665","142.5207181852069","162.619391163146","183.2787181398903","215.1519089086851","239.0017034500371","274.3985767346774","323.9137937406616","363.631966432299","402.9985579942844","365.3164073669027","366.804067818492","383.1630853064273","405.1736382665374"
"IMF.STA:MFS_FMP(3.0.0)","CHL.EQTS.PA_IX.A","OBS_VALUE","Chile","Equities","Period average, Index","Annual","Units","","","","","","","","","","","","","","","","","","","","","","","","","","","","","","","","","","","","","","","","","2.25483164932103","6.332271102661965","9.841585107767324","11.68616807378802","21.01179672877308","23.16387541668174","23.53005636638837","25.65350668207339","20.20855857222109","22.61960368392163","20.55661323774584","21.91188686298186","21.41436263459716","27.00356620784151","35.83423468568523","43.60065666947116","48.29658329604114","63.86267462118425","61.09029815406148","62.26372790487037","100","102.0036480320053","101.6920679057945","95.39954448636105","89.74232084193114","90.51021316689873","94.25327662450032","116.3464678791816","126.7587614462122","117.362667467661","91.84932827037082","103.4382420653129","118.6854822060871","133.8022411534318","152.3730337562362","200.7940410718322"
"IMF.STA:MFS_FMP(3.0.0)","PHL.EQTS.PA_IX.A","OBS_VALUE","Philippines","Equities","Period average, Index","Annual","Units","","","","","","","","6.524485788347238","7.24958153074126","8.416797637266295","6.748756387999138","6.443766717728349","6.50797506935972","7.762499391172219","7.160642305831262","6.724660171385022","6.835056675848836","9.044667930487002","11.38989316528217","10.72359141996521","7.76305977950867","6.763326967387444","5.773120757125281","8.789384997693882","7.464771381110471","5.424657810959912","5.508098038787931","4.403036521644335","5.590134073332021","5.488105624122939","4.13285101796219","3.603607555398211","2.952302660447119","2.936462627236577","2.595901913209934","2.308451898771578","10.86067218247488","25.07943140558458","26.18171136370638","37.448167926369","32.8261394121989","34.40408624996667","40.37251758703281","47.89047687875365","59.96104806851611","53.44566970235666","52.07131387967728","45.3537421484184","30.1487079162876","46.57202705564087","43.65979036154982","28.12956956527322","30.45079636272449","32.67841578895485","44.96197517866324","52.83702434114734","64.87814306894955","95.78351513009283","72.52764918808999","69.90429009141668","100","132.7782276771132","152.3496173571129","176.7195876462286","179.8144446431937","189.649158529065","191.3914815598538","206.7212999761206","206.9163546036412","212.6856365383601","167.9033436932814","182.2531825757345","157.3286008317772","153.3569391558879","161.6304248634226","162.3335705289553"
"IMF.STA:MFS_FMP(3.0.0)","CZE.EQTS.PA_IX.A","OBS_VALUE","Czech Republic","Equities","Period average, Index","Annual","Units","","","","","","","","","","","","","","","","","","","","","","","","","","","","","","","","","","","","","","","","","","","","","","","","","37.54098178811573","38.82515129166405","46.98453393464132","35.07503503379371","37.36890591886949","47.57684467465004","70.56674965179523","107.0233690407353","126.2283159517744","151.5227576736593","115.9767893828335","82.11083620055342","100","94.80458154135038","80.96249328280889","83.09273524122336","84.45831289308835","85.11988545079727","75.33040023553022","86.10638899280092","92.93624516317494","90.14051345322424","79.5330886205021","102.7236221417739","109.3038450900751","115.2319910943193","133.7231566317664","187.3287162903823"
"IMF.STA:MFS_FMP(3.0.0)","MYS.EQTS.PA_IX.A","OBS_VALUE","Malaysia","Equities","Period average, Index","Annual","Units","","","","","","","","","","","","","","","","","","","","","","","","","","","","","","","20.84298749122189","30.19608658363899","21.65940725787115","27.18500354766404","26.29752246196351","20.75297090308535","15.71648185835685","25.45905558694871","23.60094454658183","32.92190283467156","40.09302709517023","40.77152740138009","43.6503787715553","56.92876266340042","76.99073965608599","71.71573712204022","82.59376788626596","71.23666833984494","37.73139175861559","50.4380111716517","61.24285566014773","46.53642501075831","51.75113667884017","51.30141973326663","61.95069038436921","65.91698797433729","69.72686325196666","95.50445111962334","83.6643600766419","78.69507873143546","99.99999999999999","109.6778696778211","116.7711340932031","126.8902615560072","133.8825283160644","125.762717419607","120.9630434943744","127.0574897131924","129.8070123023064","118.8539701814177","110.1938940365221","113.86266376136","109.6700538918619","104.8487529665702","115.8230638983432","114.2933897370459"
"IMF.STA:MFS_FMP(3.0.0)","ZAF.EQTS.PA_IX.A","OBS_VALUE","South Africa","Equities","Period average, Index","Annual","Units","","","","","","","","","","","3.134514643173789","3.029063695343174","3.705897547039699","5.130428768453496","6.451828883853803","6.689281196785674","7.112698003011664","7.22899392037378","10.1364920416004","12.07893892227366","7.701073236978763","7.028177322431288","9.594908735240719","11.74162956499711","12.96432710359289","11.20961613915588","9.520240229674767","9.24023317899714","11.32161895379765","15.88573415708515","26.47933477349169","23.9406040502695","20.1325079724728","28.18737786565715","29.0927340867191","31.30938615477714","42.4757216178561","57.44713753746987","43.16021243508731","57.69140936149852","63.10996387407288","67.56547421084482","71.15160293848598","81.44549985223128","114.3669152511363","117.395472339108","141.6499787916743","146.5485455338671","138.646438774505","146.4373671840916","168.8742840255006","169.3077388575367","41.86216699269598","36.54812333760218","44.65429162503343","59.16799189383172","83.87210267813163","111.4035211168498","103.4380849177421","84.30837215193433","99.99999999999999","109.1926200092883","120.5708093502399","141.6032199501808","164.7677216882221","168.8785059881503","159.0314817681579","163.7375628016943","160.8778867669617","139.0278227338615","124.8335843055575","148.31191860056","175.2184865671222","248.1275595648562","251.2532192465203","285.369492097893"
"IMF.STA:MFS_FMP(3.0.0)","ARG.EQTS.PA_IX.A","OBS_VALUE","Argentina","Equities","Period average, Index","Annual","Units","","","","","","","","","","","","","","","","","","","","","","","","","","","","","","","","","","","","","","","","","","","","","","","","","","","","","","","","","","","","","100","122.0574824359461","97.95136427287179","156.3533989270753","316.3412967134459","435.3762325290229","567.963878944127","891.7571414271058","1194.766222040873","1351.719241841029","1663.823253179929","2577.463957817191","4534.841786514374","18281.45190394169","61730.59483421756","92082.42036106623"
"IMF.STA:MFS_FMP(3.0.0)","KOR.EQTS.PA_IX.A","OBS_VALUE","Korea, Republic of","Equities","Period average, Index","Annual","Units","","","","","","","","","","","","","","","","","","","","","","","","","","","","","8.342009427275098","7.084180081589173","6.172194288379105","7.168731711031582","6.926100625212536","6.907654987109334","7.483726454024717","7.885273806579041","12.92755451986713","23.69838827689835","39.33887049317487","52.13541368600132","42.39706269766983","37.29613431451514","33.32417357629234","41.64079153543855","54.92779951577833","52.26926280351943","47.19647584259912","37.05586805409396","23.18900488620223","45.49592989900777","41.55140113539996","32.52226128388263","42.99351895951466","38.59456534745669","47.31396036836412","60.80580952466534","76.78067805219736","97.29236951248177","87.01734504836301","80.93638572383282","100","112.5899993425785","109.6153327711355","111.3128044417096","112.5123384765133","114.124581839749","112.7212991783178","131.2760455957255","131.9949052201628","119.6076187106877","126.0067889407521","176.5531345524166","143.2148666167531","141.8038225983661","149.344399454955","176.5296281879619"
"IMF.STA:MFS_FMP(3.0.0)","IRL.EQTS.EOP_IX.A","OBS_VALUE","Ireland","Equities","End-of-period (EoP), Index","Annual","Units","","","","","","","","","","","","","","","","","","","","","","","","8.31326716603344","4.22768714853837","7.21548957868837","5.66296917204024","10.0789482692465","13.9868943729019","12.4201632531495","14.1538702518778","13.0987248038813","11.0594874734098","17.5395726489846","17.0706191165772","24.7834836539882","34.4774032930652","34.0891585818086","46.6212609614918","59.2180513673703","41.7878063152057","46.6819174378704","41.7486395618869","63.482721569443","63.2369761880004","77.1720217670098","92.1611036012617","131.861287303733","159.140411077606","169.970191674465","200.557346365811","189.22394371079","153.603341305327","172.356590759419","218.545284392222","255.241066167551","326.093376312779","240.35042112925","81.2197150878652","103.113583584624","100","100.579529305743","117.731447783439","157.340473467124","181.087657273578","235.405358566428","225.893036636512","","","","","","","","",""
"IMF.STA:MFS_FMP(3.0.0)","AUT.EQTS.EOP_IX.A","OBS_VALUE","Austria","Equities","End-of-period (EoP), Index","Annual","Units","","","","","","","","3.95155279261566","4.14664740984534","5.88476309061884","8.25427589624475","12.7733766662559","10.4357884343584","9.30069247956757","9.13752243606639","8.45646486319188","7.80023751432841","7.82506773833947","5.61839863604949","8.31022193811651","8.9518774925821","8.505848631575","10.5247161080666","10.579491582235","10.4308152951283","10.7359929370017","10.5325411757267","9.53093250521922","9.45268182783582","10.2273635340097","9.8439352147528","8.64669985086511","8.06764483814974","8.85797667980028","9.35878101497575","21.5580616191252","20.5799281518328","16.1454622645158","19.0047420161051","37.2551475022342","39.3021852225838","35.8779355802865","26.818072152837","38.8635448119622","36.3315854527676","33.0452715986049","39.2563875681278","44.5843820042899","38.58776299979","41.2405705688129","36.9533856435081","39.2622406153274","39.5958643057081","53.199034591509","83.711658237131","126.254703956316","153.675885789834","155.380499712512","60.2805331093108","85.9213557034502","100","65.1299548626772","82.6729145076382","87.6765812695604","74.3708835002599","82.5258997338585","90.1517316412289","","","","","","","","",""
"IMF.STA:MFS_FMP(3.0.0)","GRC.EQTS.EOP_IX.A","OBS_VALUE","Greece","Equities","End-of-period (EoP), Index","Annual","Units","","","","","","","","","","","","","","","","","","","","","","","","","","","","","","","","","","","","","","","","","","","","","61.45310267762423","64.65267267352222","66.01977453074388","104.6458831350694","193.6114686620366","391.4656916135055","239.6749508465706","183.2864195086072","123.6558835594155","160.0902442819356","197.0507942345503","259.1269785139398","310.7720271015743","366.2694315176033","126.3497743892952","155.3220080059974","100","48.12226827163812","64.21064543049917","82.22979758688488","58.43105082252429","44.65182398121561","45.52102635189612","56.74710383750371","43.37524930336507","64.83089805790911","57.21529909331372","63.18089876515269","65.75880164646308","91.45649744685065","103.9414685205879","149.9858551282233"
"IMF.STA:MFS_FMP(3.0.0)","SVN.EQTS.EOP_IX.A","OBS_VALUE","Slovenia, Republic of","Equities","End-of-period (EoP), Index","Annual","Units","","","","","","","","","","","","","","","","","","","","","","","","","","","","","","","","","","","","","","","","","","","","","","29.4114858745267","24.0216808636993","28.5162301269656","34.6287359226724","36.6689445990873","36.7014255332391","43.6787362007397","67.8080101588171","83.2527782677721","107.649791262421","110.662668313048","174.576350914329","296.221555829952","100.459810666196","115.560651496443","100","69.3338037278768","74.7351090727348","77.2223202210854","92.2114423472688","81.8662903510319","84.3876051037808","","","","","","","","",""
"IMF.STA:MFS_FMP(3.0.0)","PRT.EQTS.EOP_IX.A","OBS_VALUE","Portugal","Equities","End-of-period (EoP), Index","Annual","Units","","","","","","","","","","","","","","","","","","","","","","","","","","","","","","","","","","","","","","","51.6109684730319","67.9656872091911","45.5741594747683","44.5267320589844","39.5344945053642","56.5091568478357","54.7849257608084","51.3452929571934","67.8191850359303","116.013974125991","144.945317205017","157.617440510469","137.106944761086","103.009629285045","76.7588567151316","88.9184811901464","100.156161253296","113.578253919516","147.563686776107","171.571272127786","83.5672237955487","111.538010439742","100","72.4043957086624","74.5244988673367","86.4336064288359","63.2418812620992","70.0178300570219","61.6632688965","","","","","","","","",""
"IMF.STA:MFS_FMP(3.0.0)","DEU.EQTS.EOP_IX.A","OBS_VALUE","Germany","Equities","End-of-period (EoP), Index","Annual","Units","","","","","","","","","","","","","","","","","","","","","12.0280972011282","12.6410284226513","14.3062486439575","11.5128010414407","11.2063354306791","14.6316988500759","13.4844868735084","14.6832284660447","15.6894120199609","13.8994358863094","13.991646778043","13.986222607941","16.2887828162291","22.1604469516164","23.9260143198091","41.1477543935778","43.1791060967672","27.120850509872","35.0320026036016","47.2228249077891","39.3252332393144","40.1822521154263","36.5914515079193","51.8360815795183","47.9686482968106","49.2162074202647","58.9797136038186","81.7612280321111","93.1980906921241","120.945432848774","107.558581037101","86.6185723584292","51.1119548709048","68.4747233673248","72.7706660880885","91.0148622260794","110.425254935995","129.813950965502","72.2309611629421","86.873508353222","100","82.6101106530701","103.067368192667","126.526903883706","127.031351703189","137.990887394229","142.804838359731","","","","","","","","",""
"IMF.STA:MFS_FMP(3.0.0)","BGR.EQTS.EOP_IX.A","OBS_VALUE","Bulgaria","Equities","End-of-period (EoP), Index","Annual","Units","","","","","","","","","","","","","","","","","","","","","","","","","","","","","","","","","","","","","","","","","","","","","","","","","","","","32.73906444045812","50.52573478680834","125.3870567131227","172.5707189181731","227.8266869049262","337.8280667862564","487.8929212087761","98.98164757830828","117.9163791913896","100","88.89471505450532","95.33876086656549","135.6478542845315","144.087208500069","127.1974610183524","161.8407616944943","186.9601214295571","164.0568511108045","156.7931557886022","123.5076583413827","175.4325927970195","165.9969642610736","211.1549606733821","246.3750517455499","319.147233337933"
"IMF.STA:MFS_FMP(3.0.0)","ESP.EQTS.EOP_IX.A","OBS_VALUE","Spain","Equities","End-of-period (EoP), Index","Annual","Units","","","","","","","","","","","","3.256639308772587","3.716586743622931","3.584417940505007","3.711299991551073","3.906909820165588","4.039078623283505","4.04436537540822","5.286752124716629","7.776812375405299","6.952079044002371","7.985778209370817","10.54567923818097","11.88823602774715","10.64306677739004","11.06739819785693","7.90925942868788","5.321533388695016","4.758076912244956","3.978976599059261","4.222445446908054","5.238058355077303","4.285051722069173","5.057195782459188","7.338846699442152","9.961354003413413","20.75358911260997","22.63357675869009","27.34101800284937","29.54977932312475","22.24203720123938","24.53249379813297","21.34538172616142","32.15705418787921","28.39508632799657","31.88805754535582","44.31171729449155","63.01993564006257","86.45751347473923","100.4822013888197","87.7437159395455","82.13364151714107","63.16340051607504","80.49774341705439","95.54959999202973","115.191336315543","154.915166429219","163.5908062925289","97.2343160013151","123.7105596126448","100","85.44628535562353","82.163530032977","100.8219341854881","103.8586073944188","96.15434429577676","94.00436372331205","101.1397487372102","85.93944586691641","94.74061749673717","80.19786197483387","85.85974315802059","81.71619857929922","99.33248981299752","113.3113486694629","170.0955436222889"
"IMF.STA:MFS_FMP(3.0.0)","POL.EQTS.EOP_IX.A","OBS_VALUE","Poland, Republic of","Equities","End-of-period (EoP), Index","Annual","Units","","","","","","","","","","","","","","","","","","","","","","","","","","","","","","","","","","","","","","","","","","","","","15.73618480220325","15.97370894154148","30.20178391578337","30.8865609557904","26.94382869961219","38.48459599102209","37.58177263338675","29.31814358039423","30.25200511013813","43.841102246772","56.08810376772666","74.96495571375056","106.1526964359377","117.1797124905059","57.33563192686615","84.19891720156976","100","79.16511107306794","99.9382605694557","107.9897814083034","108.2673772176026","97.84684788831985","108.9790020659125","134.2310398145627","121.4794890114553","121.7793000660561","120.0799075003511","4.66086374979443","120.9997660555684","165.2138527952569","167.5667947149194","246.8739991294993"
"IMF.STA:MFS_FMP(3.0.0)","ITA.EQTS.PA_IX.A","OBS_VALUE","Italy","Equities","Period average, Index","Annual","Units","2.137181135495702","2.344156170966581","2.779646630215267","3.304108258557771","3.631428506960815","5.109754721851245","4.974424890966441","5.598159613245208","5.620168270863152","8.622711093123971","12.92470125346555","14.75797560610921","12.51964829943317","10.82264031629635","8.304287961630292","8.223277370823816","9.734382437485635","8.957055381192279","8.820320742374411","9.848640149374532","9.593901644179606","7.496523400120629","7.107391602662915","9.179483303926826","8.404965863499596","6.342931849120678","5.538936669620059","4.586691432353992","4.868807121378802","6.221153552178344","9.998368020760956","19.64492957157713","16.38702550474142","17.74136012867595","19.52280710637279","30.66088528978504","64.74142745152006","61.56556584033785","49.63426520433352","61.3617253349439","61.78226051735693","52.33385347333561","43.5350258708062","51.57799422942678","64.31253101686946","58.93222156555371","59.29513359960651","81.17182377176261","129.9607043347592","144.6927645194422","187.9779071844092","152.5109935525323","120.9562872346345","109.126517524024","125.6158461335634","149.4586748802238","172.9494986132463","189.8531729450366","131.6901683688696","94.22325592363196","100","91.34539574271567","77.05842147785537","88.450441480141","104.7954995878199","115.6350185158237","96.29396675537729","117.1192754081594","120.1416168435937","120.2498999472289","112.6805460612538","140.7976363607874","137.3287872123958","155.6454741771467","",""
"IMF.STA:MFS_FMP(3.0.0)","SYR.EQTS.EOP_IX.A","OBS_VALUE","Syrian Arab Republic","Equities","End-of-period (EoP), Index","Annual","Units","","","","","","","","","","","","","","","","","","","","","","","","","","","","","","","","","","","","","","","","","","","","","","","","","","","","","","","","","","","","","100","","","","","","","","","","","","","","",""
"IMF.STA:MFS_FMP(3.0.0)","SYR.EQTS.PA_IX.A","OBS_VALUE","Syrian Arab Republic","Equities","Period average, Index","Annual","Units","","","","","","","","","","","","","","","","","","","","","","","","","","","","","","","","","","","","","","","","","","","","","","","","","","","","","","","","","","","","","100","","","","","","","","","","","","","","",""
"IMF.STA:MFS_FMP(3.0.0)","MYS.EQTS.EOP_IX.A","OBS_VALUE","Malaysia","Equities","End-of-period (EoP), Index","Annual","Units","","","","","","","","","","","","","","","","","","","","","","","","","","","","","","","24.1423125794155","25.07126821207313","19.18744362733803","26.43935453713518","19.98538425581503","15.37023260100994","16.61915452528458","17.19588389042142","23.52871467038864","37.01865153300722","33.30809593721814","36.61968121876872","42.39619200610965","83.9628417746937","63.94124734184383","65.51869432685281","81.50318320374479","39.13595933926303","38.58885648260924","53.48111474675919","44.74524494538847","45.828258422158","42.5515665839319","52.27037810008493","59.74218353951189","59.2391912621551","72.1728081321474","95.13598567393724","57.72231402782259","83.79561659347822","100","100.7781896228216","111.1948700054645","122.9144583945066","115.9548623684089","111.4292486059082","108.086061715309","118.2960149054256","111.3021838028586","104.5986924834256","107.130113041589","103.2009796498805","98.45810482517069","95.76999295547465","108.1255637266198","110.6128737054862"
"IMF.STA:MFS_FMP(3.0.0)","TTO.EQTS.EOP_IX.A","OBS_VALUE","Trinidad and Tobago","Equities","End-of-period (EoP), Index","Annual","Units","","","","","","","","","","","","","","","","","","","","","","","","","","","","","","","","","","","","","","","","","","9.838352737419415","7.240450303088616","9.922544020013468","10.65621091119022","18.06504377946694","20.13374386606369","42.37226979697873","52.47522370826517","50.21047820648512","53.10064466467814","52.22144712787452","65.61628018858846","83.48167035504665","129.2456461079572","128.37727316463","116.5652362166843","118.1119503511979","101.3819397671509","92.04272106225342","99.99999999999998","121.8247859135957","128.0789954777254","142.5298277686904","138.4236986433176","139.7936110843837","145.4741171942653","152.3080438756855","156.6535167901472","176.6104589627634","159.1347541614548","180.0406523621668","160.2220244395266","146.0177523333012","129.0808717405946","113.8338304628115"
"IMF.STA:MFS_FMP(3.0.0)","COL.EQTS.EOP_IX.A","OBS_VALUE","Colombia","Equities","End-of-period (EoP), Index","Annual","Units","","","","","","","","","","","","","","","","","","","","","","","","","","","","","","","","","","","","","","","","","","","","","","","","","","","","","10.38046718719752","15.05906304446022","28.043040588501","61.38768793960121","72.02129444408595","69.00807253016713","48.79008840420727","74.86610311673227","100","81.73194811899077","94.56023746531587","83.95837904110473","75.07665999870943","55.15480415564303","65.21423501322837","74.06659353423243","71.91120862102342","85.76421242821191","85.76421242821191","85.76421242821191","85.76421242821191","85.76421242821191","85.76421242821191","85.76421242821191"
"IMF.STA:MFS_FMP(3.0.0)","MKD.EQTS.EOP_IX.A","OBS_VALUE","North Macedonia, Republic of","Equities","End-of-period (EoP), Index","Annual","Units","","","","","","","","","","","","","","","","","","","","","","","","","","","","","","","","","","","","","","","","","","","","","","","","","","","","","","","","97.7050532708476","162.4690642936128","339.6692292840468","91.98041177399822","120.7536903445492","100","86.65771505800994","75.96493075667422","76.30193249433943","80.92429747424219","80.44424551980763","93.6807786144314","111.4062801677988","152.2225440120759","203.9953135695856","206.4508626893441","270.0173766520984","248.0266968564057","268.3828304635529","447.6203640320854","441.1997788426097"
"IMF.STA:MFS_FMP(3.0.0)","MAR.EQTS.EOP_IX.A","OBS_VALUE","Morocco","Equities","End-of-period (EoP), Index","Annual","Units","","","","","","","","","","","","","","","","","","","","","","","","","","","","","","","","","","","","","","","","","","","","","","","","","","","31.57018458815349","28.19931727669258","23.55110942537455","31.16118275491498","35.7321891396422","43.76959668752766","74.90683671534231","100.3142581705544","86.79665275934003","82.52583918073203","100","87.13927871546874","73.95529110563247","72.01893292875656","76.01705227890511","70.52997977116126","92.01134711422972","97.89509450660598","89.79952904734813","96.1810164991466","","105.5559769896959","84.71024559074531","95.5566028193944","116.7361464062204","148.9217870914723"
"IMF.STA:MFS_FMP(3.0.0)","PHL.EQTS.EOP_IX.A","OBS_VALUE","Philippines","Equities","End-of-period (EoP), Index","Annual","Units","","","","","","","","","","","","","","","","","","","","","","","","","","","","","","","","","","","","","","","","","","","","","","","","18.9644161494402","20.69770690721855","23.96072405053186","27.60525808103991","22.71372595977941","20.24933309384584","29.09706561292168","38.3974960251728","42.34737661404594","61.87891246066751","73.73387617165932","39.81446371431803","63.81809594135218","100","101.2845843228824","123.0360362158315","120.2200623997978","141.850107436752","132.7316209977315","138.2398334231412","165.9771422489207","150.2734148921308","154.6580318119225","142.1162046553708","126.9988890441123","115.1549018433885","113.9092342387291","124.6835106206052","115.5274379494548"
"IMF.STA:MFS_FMP(3.0.0)","KWT.EQTS.EOP_IX.A","OBS_VALUE","Kuwait","Equities","End-of-period (EoP), Index","Annual","Units","","","","","","","","","","","","","","","","","","","","","","","","","","","","","","","","","","","","","","","","","","","","","","","27.40277478254618","38.128100064697","22.75896772338437","20.73179498238804","19.38034648839048","24.57623463446193","34.14995327438717","68.86924016964991","92.15009704550355","164.5474804111854","144.7401337071382","180.5607073538926","111.8913090360147","100.7159801595859","99.99999999999999","83.59140248724031","85.31780605276399","108.5402918553662","93.96477607648623","80.72920710229314","82.64093163683415","92.12867514916253","73.02940119330026","90.32362878297749","79.73603623032132","101.2602976062109","104.8396233196751","98.01293940047444","105.8520595212422","128.0655596290705"
"IMF.STA:MFS_FMP(3.0.0)","UKR.EQTS.EOP_IX.A","OBS_VALUE","Ukraine","Equities","End-of-period (EoP), Index","Annual","Units","","","","","","","","","","","","","","","","","","","","","","","","","","","","","","","","","","","","","","","","","","","","","","","","","2.21110062764081","4.006850719940929","5.694917340115684","4.374000082044551","5.880543134922264","8.7613324034951","26.67781105140092","36.19908110103787","51.16093038519918","120.4024285186857","30.91233539812119","58.75517906223081","100","54.80883619805556","33.7090290027485","30.82106083603397","39.68084669975798","24.68515403864299","27.1926406038479","32.31102063420438","57.36521105960538","52.26733191122781","51.25203060261723","53.61264716741192","53.24691307379909","51.99881035402225","51.55731837387703","47.29944209705871"
"IMF.STA:MFS_FMP(3.0.0)","BIH.EQTS.EOP_IX.A","OBS_VALUE","Bosnia and Herzegovina","Equities","End-of-period (EoP), Index","Annual","Units","","","","","","","","","","","","","","","","","","","","","","","","","","","","","","","","","","","","","","","","","","","","","","","","","","","","","","","","266.017885323514","338.9466070489216","430.332719621252","140.5181483429774","120.9231983166754","100","101.3624408206207","105.182798527091","104.7087059442399","97.3178590215676","94.92635455023672","67.4986849026828","50.55431351920042","46.57745923198317","59.06167806417675","59.15504997369806","60.15386638611258","54.51933193056287","47.60652288269332","35.7969489742241","30.82522356654393"
"IMF.STA:MFS_FMP(3.0.0)","KOR.EQTS.EOP_IX.A","OBS_VALUE","Korea, Republic of","Equities","End-of-period (EoP), Index","Annual","Units","","","","","","","","","","","","","","","","","","","","","","","","","","","","","","","","","","","","","","","","","","","","","","","","","","","","","","39.52754753778645","43.68210628961483","67.2535348610434","69.93954168698197","92.4978059483179","54.82545099951244","82.04631886884447","100","89.01706484641639","97.3695758166748","98.06630911750367","93.39785470502195","95.62701121404194","98.80351048269138","120.3066796684544","99.51438322769382","107.1511457825451","140.1009263773769","145.1803998049732","109.0394929302779","129.4627011214042","116.9912237932716","205.4690394929303"
"IMF.STA:MFS_FMP(3.0.0)","IDN.EQTS.EOP_IX.A","OBS_VALUE","Indonesia","Equities","End-of-period (EoP), Index","Annual","Units","","","","","","","","","","","","","","","","","","","","","","","","","","","","","","","","","","","","","","","","","","","","","","","17.21151016198147","10.84673728435997","10.74737208756018","18.27779592872707","11.24122791622002","10.58536361451704","11.47398008915866","18.34205928970085","27.00762249865668","31.392651835691","48.74078914327219","74.14128758934092","36.5979840745671","68.43129895693544","99.99999999999999","103.1991273143585","116.5567259167654","115.4088958852548","141.1350313621402","124.0177561286455","143.0186498753885","171.6115252827723","167.2602477109553","170.0964760456972","161.4433334863413","177.7092541939943","184.9764142664661","196.3756004439032","189.9973268601948","233.4795909826084"
"IMF.STA:MFS_FMP(3.0.0)","MEX.EQTS.EOP_IX.A","OBS_VALUE","Mexico","Equities","End-of-period (EoP), Index","Annual","Units","","","","","","","","","","","","","","","","","","","","","","","","","","","","","","0.003501873761860652","0.00370939220700795","0.002464281536124163","0.001763906783752032","0.006355252382635999","0.01047968147993854","0.02905258232062171","0.1221764845804717","0.2741059262339371","0.5487047087750991","1.086696277819469","1.631069039052118","3.713179418631889","4.563953164124523","6.7511716361714","6.162415867482872","7.207297178605161","8.718446496167784","13.56483226413778","10.27128108139937","18.49477014608521","14.66167100596382","16.52957047054029","15.89355237596947","22.81478537793908","33.50872965249221","46.17988373260315","68.60642803947728","76.6179629522508","58.05411510373718","83.31987489750536","100","96.17836625397302","113.3720735684016","110.8332410308583","111.9190034756746","111.482799703975","118.3967955001701","128.0244062443338","108.0140510739209","112.9445596315925","114.308630251157","138.187673975034","125.7143109129541","148.8588171604266","128.4364600569794","166.8144543860191"
"IMF.STA:MFS_FMP(3.0.0)","BGD.EQTS.EOP_IX.A","OBS_VALUE","Bangladesh","Equities","End-of-period (EoP), Index","Annual","Units","","","","","","","","","","","","","","","","","","","","","","","","","","","","","","","","","","","","","","","6.436422485061027","5.642149620798742","4.230973827612374","3.573490290212204","4.457430582257248","4.725589723040212","10.20034768111489","10.0686550847184","27.74466613116459","9.128375258607445","6.516201382442604","5.883530843198413","7.752086750709364","10.00685985133503","10.23362780881517","11.67468993009986","23.77818841809435","20.23240603613362","16.96369067456218","36.39396537173679","33.71774160970921","54.70813160584559","99.99999999999999","63.4179010553262","50.89389649096971","51.46366111632389","58.68175757566912","55.84329822704005","60.74546660999237","75.32218328956812","64.96226502783715","53.71180004798072","65.16044574812432","81.49968019083826","74.86732054081407","75.34606629785592","62.9213534105159","58.68634118332031"
"IMF.STA:MFS_FMP(3.0.0)","BRA.EQTS.EOP_IX.A","OBS_VALUE","Brazil","Equities","End-of-period (EoP), Index","Annual","Units","","","","","","","","","","","","","","","","","","","","","","","","","","","","","","","","","","","","","","","","","","","0.009811843472238253","0.5417436223017429","6.282321366732078","6.203105159875331","10.15799953826619","14.71343645388433","9.788756781715339","24.66235715110238","22.01790661433683","19.5913222901997","16.25947997229597","32.08529089230058","37.79904478817961","48.27418330832274","64.17192369848781","92.18241371349415","54.18202412559159","98.96746219554425","99.99999999999998","81.89143483781598","87.94874754703912","74.32061641463695","72.15659990765322","62.55044441879255","86.9026318827196","110.2418330832275","126.8137481242064","166.866270345146","171.73179037285","151.2495671245527","158.3386240332448","193.6183192889299","173.5591019277386","232.4907220362461"
"IMF.STA:MFS_FMP(3.0.0)","QAT.EQTS.EOP_IX.A","OBS_VALUE","Qatar","Equities","End-of-period (EoP), Index","Annual","Units","","","","","","","","","","","","","","","","","","","","","","","","","","","","","","","","","","","","","","","","","","","","","","","","","15.56501356308996","15.44637252135251","14.20582492959287","19.49168648816757","26.76680124169944","45.46025237138101","74.79684161420927","127.3156600415819","82.16180104012485","110.3528707100609","79.31810197370314","80.15953188621977","99.99999999999999","101.1216761790673","96.28284945834028","119.5578029522038","141.5143434715751","120.1310810732983","120.2163183265854","98.17695944895266","118.6296383751936","120.0867346644935","120.2071034883922","133.9124475186168","123.0304147253114","124.7531287255303","121.7636048447012","123.9626107940311"
"IMF.STA:MFS_FMP(3.0.0)","MNE.EQTS.EOP_IX.A","OBS_VALUE","Montenegro","Equities","End-of-period (EoP), Index","Annual","Units","","","","","","","","","","","","","","","","","","","","","","","","","","","","","","","","","","","","","","","","","","","","","","","","","","","","","","","17.37403882105942","67.35245167336545","124.2957666467206","235.2801474674179","68.87870088751753","100.5119631358999","100","64.2098862939171","67.82509659129642","67.82702463000593","78.19642996089524","83.5121015415358","79.26022531886661","","74.64601553586048","78.52357681478365","71.12149191635342","67.94525471801401","97.37525073110539","107.3031351975172","113.1583821827188","129.1418230845452"
"IMF.STA:MFS_FMP(3.0.0)","MDV.EQTS.EOP_IX.A","OBS_VALUE","Maldives","Equities","End-of-period (EoP), Index","Annual","Units","","","","","","","","","","","","","","","","","","","","","","","","","","","","","","","","","","","","","","","","","","","","","","","","","","","","","","73.12841251876441","113.4649170577399","94.62284120452144","65.17751016948349","162.3073243958687","135.9419617276993","108.7142647427914","99.99999999999999","74.55640215749321","70.90733420577872","54.26800350210776","63.51878208413134","74.09920229974996","73.4223419689266","82.85571353467189","80.05834134421866","94.2601020026424","94.35481197702335","90.48117402484242","147.3734556354802","181.4074849292753","191.5651296816324","188.0750671256943"
